{"version": "1", "message": "ERROR: Hidden Testcases server unreachable.", "problem_id": "ads2_m6_a1_1", "user_id": "krishnaja625", "score": {"sample": {"0": {"execution_time": 0.323911190032959, "passed": false}, "1": {"execution_time": 0.39977121353149414, "passed": false}, "2": {"execution_time": 0.33361101150512695, "passed": false}, "3": {"execution_time": 0.3688070774078369, "passed": false}, "4": {"execution_time": 0.3312208652496338, "passed": false}, "5": {"execution_time": 0.46175670623779297, "passed": false}, "6": {"execution_time": 0.3228647708892822, "passed": false}, "7": {"execution_time": 0.3415989875793457, "passed": false}, "8": {"execution_time": 0.3395047187805176, "passed": false}, "9": {"execution_time": 0.3335554599761963, "passed": false}, "10": {"execution_time": 0.33187365531921387, "passed": false}, "11": {"execution_time": 0.32356786727905273, "passed": false}}}, "check_style_score": "1/1"}