{"version": "1", "message": "ERROR: Hidden Testcases server unreachable.", "problem_id": "ads2_m6_a1_1", "user_id": "krishnaja625", "score": {"sample": {"0": {"execution_time": 0.3091928958892822, "passed": false}, "1": {"execution_time": 0.30994725227355957, "passed": false}, "2": {"execution_time": 0.3161802291870117, "passed": false}, "3": {"execution_time": 0.3041565418243408, "passed": false}, "4": {"execution_time": 0.3236732482910156, "passed": false}, "5": {"execution_time": 0.32886624336242676, "passed": false}, "6": {"execution_time": 0.3275611400604248, "passed": false}, "7": {"execution_time": 0.31087636947631836, "passed": false}, "8": {"execution_time": 0.32486724853515625, "passed": false}, "9": {"execution_time": 0.3269178867340088, "passed": false}, "10": {"execution_time": 0.3269643783569336, "passed": false}, "11": {"execution_time": 0.38178038597106934, "passed": false}}}, "check_style_score": "1/1"}