{"version": "1", "message": "ERROR: Hidden Testcases server unreachable.", "problem_id": "ads2_m6_a1_1", "user_id": "krishnaja625", "score": {"sample": {"0": {"execution_time": 0.3308107852935791, "passed": false}, "1": {"execution_time": 0.38977551460266113, "passed": false}, "2": {"execution_time": 0.3308737277984619, "passed": false}, "3": {"execution_time": 0.38065433502197266, "passed": false}, "4": {"execution_time": 0.397794246673584, "passed": false}, "5": {"execution_time": 0.3318629264831543, "passed": false}, "6": {"execution_time": 0.3306138515472412, "passed": false}, "7": {"execution_time": 0.34485411643981934, "passed": false}, "8": {"execution_time": 0.33792948722839355, "passed": false}, "9": {"execution_time": 0.348832368850708, "passed": false}, "10": {"execution_time": 0.34402966499328613, "passed": false}, "11": {"execution_time": 0.3246729373931885, "passed": false}}}, "check_style_score": "1/1"}