{"version": "1", "message": "ERROR: Hidden Testcases server unreachable.", "problem_id": "ads2_m6_a1_1", "user_id": "krishnaja625", "score": {"sample": {"0": {"execution_time": 0.3678457736968994, "passed": false}, "1": {"execution_time": 0.31357741355895996, "passed": false}, "2": {"execution_time": 0.3378608226776123, "passed": false}, "3": {"execution_time": 0.3214077949523926, "passed": false}, "4": {"execution_time": 0.35085153579711914, "passed": false}, "5": {"execution_time": 0.3213789463043213, "passed": false}, "6": {"execution_time": 0.3308429718017578, "passed": false}, "7": {"execution_time": 0.3195614814758301, "passed": false}, "8": {"execution_time": 0.3591957092285156, "passed": false}, "9": {"execution_time": 0.33786487579345703, "passed": false}, "10": {"execution_time": 0.30346250534057617, "passed": false}, "11": {"execution_time": 0.33443570137023926, "passed": false}}}, "check_style_score": "1/1"}