{"version": "1", "message": "ERROR: Hidden Testcases server unreachable.", "problem_id": "ads2_m6_a1_1", "user_id": "krishnaja625", "score": {"sample": {"0": {"execution_time": 0.3134465217590332, "passed": false}, "1": {"execution_time": 0.3420135974884033, "passed": false}, "2": {"execution_time": 0.4693620204925537, "passed": false}, "3": {"execution_time": 0.3218653202056885, "passed": false}, "4": {"execution_time": 0.44466447830200195, "passed": false}, "5": {"execution_time": 0.339184045791626, "passed": false}, "6": {"execution_time": 0.3452606201171875, "passed": false}, "7": {"execution_time": 0.35585594177246094, "passed": false}, "8": {"execution_time": 0.41080665588378906, "passed": false}, "9": {"execution_time": 0.3226962089538574, "passed": false}, "10": {"execution_time": 0.403125524520874, "passed": false}, "11": {"execution_time": 0.328078031539917, "passed": false}}}, "check_style_score": "1/1"}