{"version": "1", "message": "ERROR: Hidden Testcases server unreachable.", "problem_id": "ads2_m6_a1_1", "user_id": "krishnaja625", "score": {"sample": {"0": {"execution_time": 0.3978238105773926, "passed": false}, "1": {"execution_time": 0.32590508460998535, "passed": false}, "2": {"execution_time": 0.327991247177124, "passed": false}, "3": {"execution_time": 0.3286092281341553, "passed": false}, "4": {"execution_time": 0.32898402214050293, "passed": false}, "5": {"execution_time": 0.32889556884765625, "passed": false}, "6": {"execution_time": 0.3298473358154297, "passed": true}, "7": {"execution_time": 0.3286423683166504, "passed": false}, "8": {"execution_time": 0.33373427391052246, "passed": false}, "9": {"execution_time": 0.32131266593933105, "passed": false}, "10": {"execution_time": 0.32088184356689453, "passed": true}, "11": {"execution_time": 0.33803272247314453, "passed": false}}}, "check_style_score": "1/1"}