{"version": "1", "message": "ERROR: Hidden Testcases server unreachable.", "problem_id": "ads2_m6_a1_1", "user_id": "krishnaja625", "score": {"sample": {"0": {"execution_time": 0.32619667053222656, "passed": false}, "1": {"execution_time": 0.3361029624938965, "passed": false}, "2": {"execution_time": 0.3188292980194092, "passed": false}, "3": {"execution_time": 0.33106303215026855, "passed": false}, "4": {"execution_time": 0.33611226081848145, "passed": false}, "5": {"execution_time": 0.3430335521697998, "passed": false}, "6": {"execution_time": 0.3549056053161621, "passed": false}, "7": {"execution_time": 0.3326871395111084, "passed": false}, "8": {"execution_time": 0.33692097663879395, "passed": false}, "9": {"execution_time": 0.3368825912475586, "passed": false}, "10": {"execution_time": 0.3218648433685303, "passed": false}, "11": {"execution_time": 0.3408043384552002, "passed": false}}}, "check_style_score": "1/1"}