{"version": "1", "message": "ERROR: Hidden Testcases server unreachable.", "problem_id": "ads2_m6_a1_1", "user_id": "krishnaja625", "score": {"sample": {"0": {"execution_time": 0.32891154289245605, "passed": false}, "1": {"execution_time": 0.32784032821655273, "passed": false}, "2": {"execution_time": 0.31952786445617676, "passed": false}, "3": {"execution_time": 0.3498516082763672, "passed": false}, "4": {"execution_time": 0.3228907585144043, "passed": false}, "5": {"execution_time": 0.3298459053039551, "passed": false}, "6": {"execution_time": 0.3175790309906006, "passed": false}, "7": {"execution_time": 0.3228023052215576, "passed": false}, "8": {"execution_time": 0.32446980476379395, "passed": false}, "9": {"execution_time": 0.3304266929626465, "passed": false}, "10": {"execution_time": 0.32086825370788574, "passed": false}, "11": {"execution_time": 0.3428528308868408, "passed": false}}}, "check_style_score": "1/1"}