{"version": "1", "message": "ERROR: Hidden Testcases server unreachable.", "problem_id": "ads2_m6_a1_1", "user_id": "krishnaja625", "score": {"sample": {"0": {"execution_time": 0.24885821342468262, "passed": false}, "1": {"execution_time": 0.2398076057434082, "passed": false}, "2": {"execution_time": 0.3749978542327881, "passed": false}, "3": {"execution_time": 0.23283028602600098, "passed": false}, "4": {"execution_time": 0.28366708755493164, "passed": false}, "5": {"execution_time": 0.23354697227478027, "passed": false}, "6": {"execution_time": 0.27229905128479004, "passed": false}, "7": {"execution_time": 0.23340177536010742, "passed": false}, "8": {"execution_time": 0.45074033737182617, "passed": false}, "9": {"execution_time": 0.24187040328979492, "passed": false}, "10": {"execution_time": 0.27984094619750977, "passed": false}, "11": {"execution_time": 0.3030550479888916, "passed": false}}}, "check_style_score": "1/1"}