{"version": "1", "message": "ERROR: Hidden Testcases server unreachable.", "problem_id": "ads2_m6_a1_1", "user_id": "krishnaja625", "score": {"sample": {"0": {"execution_time": 0.5167026519775391, "passed": false}, "1": {"execution_time": 0.33438611030578613, "passed": false}, "2": {"execution_time": 0.39081501960754395, "passed": false}, "3": {"execution_time": 0.4274027347564697, "passed": false}, "4": {"execution_time": 0.33644914627075195, "passed": false}, "5": {"execution_time": 0.32886457443237305, "passed": false}, "6": {"execution_time": 0.34281134605407715, "passed": false}, "7": {"execution_time": 0.3339097499847412, "passed": false}, "8": {"execution_time": 0.3218421936035156, "passed": false}, "9": {"execution_time": 0.33983802795410156, "passed": false}, "10": {"execution_time": 0.3274686336517334, "passed": false}, "11": {"execution_time": 0.34688472747802734, "passed": false}}}, "check_style_score": "1/1"}