{"version": "1", "message": "ERROR: Hidden Testcases server unreachable.", "problem_id": "ads2_m6_a1_1", "user_id": "krishnaja625", "score": {"sample": {"0": {"execution_time": 0.39777135848999023, "passed": false}, "1": {"execution_time": 0.30987000465393066, "passed": false}, "2": {"execution_time": 0.3247525691986084, "passed": false}, "3": {"execution_time": 0.33885788917541504, "passed": false}, "4": {"execution_time": 0.33087635040283203, "passed": false}, "5": {"execution_time": 0.3338608741760254, "passed": false}, "6": {"execution_time": 0.3229379653930664, "passed": false}, "7": {"execution_time": 0.30462002754211426, "passed": false}, "8": {"execution_time": 0.33583688735961914, "passed": false}, "9": {"execution_time": 0.40627169609069824, "passed": false}, "10": {"execution_time": 0.33682799339294434, "passed": false}, "11": {"execution_time": 0.35779500007629395, "passed": false}}}, "check_style_score": "1/1"}