{"version": "1", "message": "ERROR: Hidden Testcases server unreachable.", "problem_id": "ads2_m6_a1_1", "user_id": "krishnaja625", "score": {"sample": {"0": {"execution_time": 0.9819538593292236, "passed": false}, "1": {"execution_time": 0.24288463592529297, "passed": false}, "2": {"execution_time": 0.24686050415039062, "passed": false}, "3": {"execution_time": 0.24685907363891602, "passed": false}, "4": {"execution_time": 0.2585446834564209, "passed": false}, "5": {"execution_time": 0.2528555393218994, "passed": false}, "6": {"execution_time": 0.23539304733276367, "passed": false}, "7": {"execution_time": 0.25985074043273926, "passed": false}, "8": {"execution_time": 0.24788236618041992, "passed": false}, "9": {"execution_time": 0.2988297939300537, "passed": false}, "10": {"execution_time": 0.25985074043273926, "passed": false}, "11": {"execution_time": 0.25984859466552734, "passed": false}}}, "check_style_score": "0/1"}