{"version": "1", "message": "ERROR: Hidden Testcases server unreachable.", "problem_id": "ads2_m6_a1_1", "user_id": "krishnaja625", "score": {"sample": {"0": {"execution_time": 0.3438594341278076, "passed": false}, "1": {"execution_time": 0.3178732395172119, "passed": false}, "2": {"execution_time": 0.34985971450805664, "passed": false}, "3": {"execution_time": 0.3370344638824463, "passed": false}, "4": {"execution_time": 0.3269500732421875, "passed": false}, "5": {"execution_time": 0.32586240768432617, "passed": false}, "6": {"execution_time": 0.3198726177215576, "passed": false}, "7": {"execution_time": 0.32023167610168457, "passed": false}, "8": {"execution_time": 0.338855504989624, "passed": false}, "9": {"execution_time": 0.3244328498840332, "passed": false}, "10": {"execution_time": 0.33333873748779297, "passed": false}, "11": {"execution_time": 0.4276399612426758, "passed": false}}}, "check_style_score": "1/1"}