{"version": "1", "message": "ERROR: Hidden Testcases server unreachable.", "problem_id": "ads2_m6_a1_1", "user_id": "krishnaja625", "score": {"sample": {"0": {"execution_time": 0.25985121726989746, "passed": false}, "1": {"execution_time": 0.24731230735778809, "passed": false}, "2": {"execution_time": 0.27584123611450195, "passed": false}, "3": {"execution_time": 0.247772216796875, "passed": false}, "4": {"execution_time": 0.29485416412353516, "passed": false}, "5": {"execution_time": 0.24491071701049805, "passed": false}, "6": {"execution_time": 0.2698674201965332, "passed": false}, "7": {"execution_time": 0.24237751960754395, "passed": false}, "8": {"execution_time": 0.2718634605407715, "passed": false}, "9": {"execution_time": 0.2588520050048828, "passed": false}, "10": {"execution_time": 0.5946791172027588, "passed": false}, "11": {"execution_time": 0.24585819244384766, "passed": false}}}, "check_style_score": "1/1"}