{"version": "1", "message": "ERROR: Hidden Testcases server unreachable.", "problem_id": "ads2_m6_a1_1", "user_id": "krishnaja625", "score": {"sample": {"0": {"execution_time": 0.36956191062927246, "passed": false}, "1": {"execution_time": 0.32985854148864746, "passed": false}, "2": {"execution_time": 0.3298990726470947, "passed": false}, "3": {"execution_time": 0.46543407440185547, "passed": false}, "4": {"execution_time": 0.3408236503601074, "passed": false}, "5": {"execution_time": 0.32085537910461426, "passed": false}, "6": {"execution_time": 0.33484625816345215, "passed": false}, "7": {"execution_time": 0.32247495651245117, "passed": false}, "8": {"execution_time": 0.384829044342041, "passed": false}, "9": {"execution_time": 0.3267550468444824, "passed": false}, "10": {"execution_time": 0.3256714344024658, "passed": false}, "11": {"execution_time": 0.32568836212158203, "passed": false}}}, "check_style_score": "1/1"}