{"version": "1", "message": "ERROR: Hidden Testcases server unreachable.", "problem_id": "ads2_m6_a1_1", "user_id": "krishnaja625", "score": {"sample": {"0": {"execution_time": 0.23888087272644043, "passed": false}, "1": {"execution_time": 0.2383575439453125, "passed": false}, "2": {"execution_time": 0.2588510513305664, "passed": false}, "3": {"execution_time": 0.24690866470336914, "passed": false}, "4": {"execution_time": 0.28086161613464355, "passed": false}, "5": {"execution_time": 0.23491215705871582, "passed": false}, "6": {"execution_time": 0.26984500885009766, "passed": false}, "7": {"execution_time": 0.31981682777404785, "passed": false}, "8": {"execution_time": 0.32781028747558594, "passed": false}, "9": {"execution_time": 0.22328543663024902, "passed": false}, "10": {"execution_time": 0.2638559341430664, "passed": false}, "11": {"execution_time": 0.25436973571777344, "passed": false}}}, "check_style_score": "1/1"}