{"version": "1", "message": "ERROR: Hidden Testcases server unreachable.", "problem_id": "ads2_m6_a1_1", "user_id": "krishnaja625", "score": {"sample": {"0": {"execution_time": 0.30182552337646484, "passed": false}, "1": {"execution_time": 0.29288268089294434, "passed": false}, "2": {"execution_time": 0.3121957778930664, "passed": false}, "3": {"execution_time": 0.28877711296081543, "passed": false}, "4": {"execution_time": 0.4077644348144531, "passed": false}, "5": {"execution_time": 0.30782532691955566, "passed": false}, "6": {"execution_time": 0.30442047119140625, "passed": false}, "7": {"execution_time": 0.2978508472442627, "passed": false}, "8": {"execution_time": 0.30682373046875, "passed": false}, "9": {"execution_time": 0.30983853340148926, "passed": false}, "10": {"execution_time": 0.31981706619262695, "passed": false}, "11": {"execution_time": 0.3288142681121826, "passed": false}}}, "check_style_score": "1/1"}