{"version": "1", "message": "ERROR: Hidden Testcases server unreachable.", "problem_id": "ads2_m6_a1_1", "user_id": "krishnaja625", "score": {"sample": {"0": {"execution_time": 1.3974313735961914, "passed": false}, "1": {"execution_time": 0.3753197193145752, "passed": false}, "2": {"execution_time": 0.3778116703033447, "passed": false}, "3": {"execution_time": 0.38580965995788574, "passed": false}, "4": {"execution_time": 0.4057962894439697, "passed": false}, "5": {"execution_time": 0.42482829093933105, "passed": false}, "6": {"execution_time": 0.3628394603729248, "passed": true}, "7": {"execution_time": 0.3838331699371338, "passed": false}, "8": {"execution_time": 0.37722134590148926, "passed": true}, "9": {"execution_time": 0.3928258419036865, "passed": false}, "10": {"execution_time": 0.3578372001647949, "passed": true}, "11": {"execution_time": 0.41975998878479004, "passed": false}}}, "check_style_score": "1/1"}