{"version": "1", "message": "ERROR: Hidden Testcases server unreachable.", "problem_id": "ads2_m6_a1_1", "user_id": "krishnaja625", "score": {"sample": {"0": {"execution_time": 0.26784849166870117, "passed": false}, "1": {"execution_time": 0.23588776588439941, "passed": false}, "2": {"execution_time": 0.2439110279083252, "passed": false}, "3": {"execution_time": 0.2324235439300537, "passed": false}, "4": {"execution_time": 0.2728431224822998, "passed": false}, "5": {"execution_time": 0.2341303825378418, "passed": false}, "6": {"execution_time": 0.22080469131469727, "passed": false}, "7": {"execution_time": 0.23286795616149902, "passed": false}, "8": {"execution_time": 0.24885821342468262, "passed": false}, "9": {"execution_time": 0.4045727252960205, "passed": false}, "10": {"execution_time": 0.2400820255279541, "passed": false}, "11": {"execution_time": 0.2618730068206787, "passed": false}}}, "check_style_score": "1/1"}