{"version": "1", "message": "ERROR: Hidden Testcases server unreachable.", "problem_id": "ads2_m6_a1_1", "user_id": "krishnaja625", "score": {"sample": {"0": {"execution_time": 0.46776604652404785, "passed": false}, "1": {"execution_time": 0.3106353282928467, "passed": false}, "2": {"execution_time": 0.3308444023132324, "passed": false}, "3": {"execution_time": 0.3987712860107422, "passed": false}, "4": {"execution_time": 0.33780670166015625, "passed": false}, "5": {"execution_time": 0.345900297164917, "passed": false}, "6": {"execution_time": 0.35393476486206055, "passed": true}, "7": {"execution_time": 0.33605170249938965, "passed": false}, "8": {"execution_time": 0.3388338088989258, "passed": false}, "9": {"execution_time": 0.3478236198425293, "passed": false}, "10": {"execution_time": 0.3068833351135254, "passed": true}, "11": {"execution_time": 0.3473782539367676, "passed": false}}}, "check_style_score": "1/1"}