{"version": "1", "message": "ERROR: Hidden Testcases server unreachable.", "problem_id": "ads2_m6_a1_1", "user_id": "krishnaja625", "score": {"sample": {"0": {"execution_time": 0.3829350471496582, "passed": false}, "1": {"execution_time": 1.1960976123809814, "passed": false}, "2": {"execution_time": 0.32085204124450684, "passed": false}, "3": {"execution_time": 0.31889891624450684, "passed": false}, "4": {"execution_time": 0.36092066764831543, "passed": false}, "5": {"execution_time": 0.326732873916626, "passed": false}, "6": {"execution_time": 0.3258373737335205, "passed": false}, "7": {"execution_time": 0.3259725570678711, "passed": false}, "8": {"execution_time": 0.3398764133453369, "passed": false}, "9": {"execution_time": 0.3055543899536133, "passed": false}, "10": {"execution_time": 0.3591771125793457, "passed": false}, "11": {"execution_time": 0.3228726387023926, "passed": false}}}, "check_style_score": "1/1"}