{"version": "1", "message": "ERROR: Hidden Testcases server unreachable.", "problem_id": "ads2_m6_a1_1", "user_id": "krishnaja625", "score": {"sample": {"0": {"execution_time": 0.36044883728027344, "passed": false}, "1": {"execution_time": 0.32186222076416016, "passed": false}, "2": {"execution_time": 0.3288586139678955, "passed": false}, "3": {"execution_time": 0.3203287124633789, "passed": false}, "4": {"execution_time": 0.3219892978668213, "passed": false}, "5": {"execution_time": 0.33788275718688965, "passed": false}, "6": {"execution_time": 0.40146541595458984, "passed": false}, "7": {"execution_time": 0.317410945892334, "passed": false}, "8": {"execution_time": 0.3328402042388916, "passed": false}, "9": {"execution_time": 0.32085156440734863, "passed": false}, "10": {"execution_time": 0.36084961891174316, "passed": false}, "11": {"execution_time": 0.3251173496246338, "passed": false}}}, "check_style_score": "1/1"}