{"version": "1", "message": "ERROR: Hidden Testcases server unreachable.", "problem_id": "ads2_m6_a1_1", "user_id": "krishnaja625", "score": {"sample": {"0": {"execution_time": 0.3176445960998535, "passed": false}, "1": {"execution_time": 0.32509446144104004, "passed": false}, "2": {"execution_time": 0.321807861328125, "passed": false}, "3": {"execution_time": 0.3359711170196533, "passed": false}, "4": {"execution_time": 0.32090139389038086, "passed": false}, "5": {"execution_time": 0.33168649673461914, "passed": false}, "6": {"execution_time": 0.4330146312713623, "passed": false}, "7": {"execution_time": 0.3207838535308838, "passed": false}, "8": {"execution_time": 0.3227062225341797, "passed": false}, "9": {"execution_time": 0.3161897659301758, "passed": false}, "10": {"execution_time": 0.3194732666015625, "passed": false}, "11": {"execution_time": 0.3499298095703125, "passed": false}}}, "check_style_score": "1/1"}