{"version": "1", "message": "ERROR: Hidden Testcases server unreachable.", "problem_id": "ads2_m6_a1_1", "user_id": "krishnaja625", "score": {"sample": {"0": {"execution_time": 0.39693212509155273, "passed": false}, "1": {"execution_time": 0.321850061416626, "passed": false}, "2": {"execution_time": 0.33052563667297363, "passed": false}, "3": {"execution_time": 0.3402707576751709, "passed": false}, "4": {"execution_time": 0.31935787200927734, "passed": false}, "5": {"execution_time": 0.32686424255371094, "passed": false}, "6": {"execution_time": 0.307239294052124, "passed": true}, "7": {"execution_time": 0.32788586616516113, "passed": false}, "8": {"execution_time": 0.32783961296081543, "passed": true}, "9": {"execution_time": 0.32285141944885254, "passed": false}, "10": {"execution_time": 0.29848313331604004, "passed": true}, "11": {"execution_time": 0.3308382034301758, "passed": false}}}, "check_style_score": "1/1"}