{"version": "1", "message": "ERROR: Hidden Testcases server unreachable.", "problem_id": "ads2_m6_a1_1", "user_id": "krishnaja625", "score": {"sample": {"0": {"execution_time": 0.3438575267791748, "passed": false}, "1": {"execution_time": 0.3188495635986328, "passed": false}, "2": {"execution_time": 0.3358888626098633, "passed": false}, "3": {"execution_time": 0.4259195327758789, "passed": false}, "4": {"execution_time": 0.304790735244751, "passed": false}, "5": {"execution_time": 0.3246486186981201, "passed": false}, "6": {"execution_time": 0.3218512535095215, "passed": false}, "7": {"execution_time": 0.32386088371276855, "passed": false}, "8": {"execution_time": 0.3238339424133301, "passed": false}, "9": {"execution_time": 0.3531167507171631, "passed": false}, "10": {"execution_time": 0.3158528804779053, "passed": false}, "11": {"execution_time": 0.3417646884918213, "passed": false}}}, "check_style_score": "1/1"}