{"version": "1", "message": "ERROR: Hidden Testcases server unreachable.", "problem_id": "ads2_m6_a1_1", "user_id": "krishnaja625", "score": {"sample": {"0": {"execution_time": 0.32582950592041016, "passed": false}, "1": {"execution_time": 0.3245811462402344, "passed": false}, "2": {"execution_time": 0.34285593032836914, "passed": false}, "3": {"execution_time": 0.35181283950805664, "passed": false}, "4": {"execution_time": 0.3488140106201172, "passed": false}, "5": {"execution_time": 0.3328831195831299, "passed": false}, "6": {"execution_time": 0.3468508720397949, "passed": false}, "7": {"execution_time": 0.3507685661315918, "passed": false}, "8": {"execution_time": 0.30994391441345215, "passed": false}, "9": {"execution_time": 0.3228142261505127, "passed": false}, "10": {"execution_time": 0.33983278274536133, "passed": false}, "11": {"execution_time": 0.3420543670654297, "passed": false}}}, "check_style_score": "1/1"}