{"version": "1", "message": "ERROR: Hidden Testcases server unreachable.", "problem_id": "ads2_m6_a1_1", "user_id": "krishnaja625", "score": {"sample": {"0": {"execution_time": 0.29624366760253906, "passed": false}, "1": {"execution_time": 0.30878686904907227, "passed": false}, "2": {"execution_time": 0.3068242073059082, "passed": false}, "3": {"execution_time": 0.28583407402038574, "passed": false}, "4": {"execution_time": 0.2888350486755371, "passed": false}, "5": {"execution_time": 0.28127050399780273, "passed": false}, "6": {"execution_time": 0.31382060050964355, "passed": false}, "7": {"execution_time": 0.2859978675842285, "passed": false}, "8": {"execution_time": 0.30381083488464355, "passed": false}, "9": {"execution_time": 0.29390430450439453, "passed": false}, "10": {"execution_time": 0.30982041358947754, "passed": false}, "11": {"execution_time": 0.3032972812652588, "passed": false}}}, "check_style_score": "1/1"}