{"version": "1", "message": "ERROR: Hidden Testcases server unreachable.", "problem_id": "ads2_m6_a1_1", "user_id": "krishnaja625", "score": {"sample": {"0": {"execution_time": 0.38982510566711426, "passed": false}, "1": {"execution_time": 0.3062913417816162, "passed": false}, "2": {"execution_time": 0.3209202289581299, "passed": false}, "3": {"execution_time": 0.3222634792327881, "passed": false}, "4": {"execution_time": 0.33510398864746094, "passed": false}, "5": {"execution_time": 0.3218421936035156, "passed": false}, "6": {"execution_time": 0.34285449981689453, "passed": false}, "7": {"execution_time": 0.33882856369018555, "passed": false}, "8": {"execution_time": 0.34384870529174805, "passed": false}, "9": {"execution_time": 0.3587954044342041, "passed": false}, "10": {"execution_time": 0.31191468238830566, "passed": false}, "11": {"execution_time": 0.3428921699523926, "passed": false}}}, "check_style_score": "1/1"}