{"version": "1", "message": "ERROR: Hidden Testcases server unreachable.", "problem_id": "ads2_m2_a1_1", "user_id": "krishnaja625", "score": {"sample": {"0": {"execution_time": 0.3592190742492676, "passed": true}, "1": {"execution_time": 0.24480152130126953, "passed": true}, "2": {"execution_time": 0.2672901153564453, "passed": false}, "3": {"execution_time": 0.23467302322387695, "passed": true}, "4": {"execution_time": 0.2551999092102051, "passed": false}, "5": {"execution_time": 0.24569392204284668, "passed": true}, "6": {"execution_time": 0.28300046920776367, "passed": false}, "7": {"execution_time": 0.23560857772827148, "passed": false}, "8": {"execution_time": 0.2563776969909668, "passed": false}, "9": {"execution_time": 0.23337864875793457, "passed": false}, "10": {"execution_time": 0.2530333995819092, "passed": false}, "11": {"execution_time": 0.2471938133239746, "passed": false}, "12": {"execution_time": 0.25957584381103516, "passed": false}, "13": {"execution_time": 0.243363618850708, "passed": true}, "14": {"execution_time": 0.3051886558532715, "passed": false}, "15": {"execution_time": 0.2497859001159668, "passed": true}, "16": {"execution_time": 0.34455347061157227, "passed": false}, "17": {"execution_time": 0.2934865951538086, "passed": false}, "18": {"execution_time": 0.29643678665161133, "passed": false}, "19": {"execution_time": 0.2955162525177002, "passed": false}, "20": {"execution_time": 0.35498476028442383, "passed": false}, "21": {"execution_time": 0.23919391632080078, "passed": false}, "22": {"execution_time": 0.3651878833770752, "passed": false}, "23": {"execution_time": 0.33748555183410645, "passed": false}}}, "check_style_score": "0/1"}