{"version": "1", "message": "ERROR: Hidden Testcases server unreachable.", "problem_id": "ads2_m2_a1_1", "user_id": "Anisha-Vulli", "score": {"sample": {"0": {"execution_time": 0.4199643135070801, "passed": true}, "1": {"execution_time": 0.29730677604675293, "passed": true}, "2": {"execution_time": 0.41283535957336426, "passed": true}, "3": {"execution_time": 0.3263695240020752, "passed": true}, "4": {"execution_time": 0.2963418960571289, "passed": true}, "5": {"execution_time": 0.34465718269348145, "passed": true}, "6": {"execution_time": 0.2963902950286865, "passed": true}, "7": {"execution_time": 0.28722286224365234, "passed": true}, "8": {"execution_time": 0.3258693218231201, "passed": true}, "9": {"execution_time": 0.28819704055786133, "passed": true}, "10": {"execution_time": 0.3422677516937256, "passed": true}, "11": {"execution_time": 0.321735143661499, "passed": true}, "12": {"execution_time": 0.3008232116699219, "passed": true}, "13": {"execution_time": 0.2858905792236328, "passed": true}, "14": {"execution_time": 0.29346799850463867, "passed": true}, "15": {"execution_time": 0.39664125442504883, "passed": true}, "16": {"execution_time": 0.5813486576080322, "passed": true}, "17": {"execution_time": 0.7415237426757812, "passed": true}, "18": {"execution_time": 0.3677976131439209, "passed": true}, "19": {"execution_time": 0.4002535343170166, "passed": true}, "20": {"execution_time": 0.3777644634246826, "passed": true}, "21": {"execution_time": 0.3574352264404297, "passed": true}, "22": {"execution_time": 0.4821159839630127, "passed": true}, "23": {"execution_time": 0.4792296886444092, "passed": true}}}, "check_style_score": "1/1"}