{"version": "1", "message": "ERROR: Hidden Testcases server unreachable.", "problem_id": "ads2_m2_a1_1", "user_id": "krishnaja625", "score": {"sample": {"0": {"execution_time": 0.3639390468597412, "passed": false}, "1": {"execution_time": 0.2541086673736572, "passed": false}, "2": {"execution_time": 0.26073598861694336, "passed": true}, "3": {"execution_time": 0.2384483814239502, "passed": false}, "4": {"execution_time": 0.2652153968811035, "passed": true}, "5": {"execution_time": 0.22536873817443848, "passed": false}, "6": {"execution_time": 0.26839780807495117, "passed": true}, "7": {"execution_time": 0.24039721488952637, "passed": true}, "8": {"execution_time": 0.2535839080810547, "passed": true}, "9": {"execution_time": 0.22965431213378906, "passed": true}, "10": {"execution_time": 0.26354432106018066, "passed": true}, "11": {"execution_time": 0.24390935897827148, "passed": true}, "12": {"execution_time": 0.296344518661499, "passed": true}, "13": {"execution_time": 0.253826379776001, "passed": false}, "14": {"execution_time": 0.2691805362701416, "passed": true}, "15": {"execution_time": 0.2618725299835205, "passed": false}, "16": {"execution_time": 0.28366804122924805, "passed": true}, "17": {"execution_time": 0.2983078956604004, "passed": true}, "18": {"execution_time": 0.3089869022369385, "passed": true}, "19": {"execution_time": 0.302295446395874, "passed": true}, "20": {"execution_time": 0.32549023628234863, "passed": true}, "21": {"execution_time": 0.25346875190734863, "passed": true}, "22": {"execution_time": 0.36643123626708984, "passed": true}, "23": {"execution_time": 0.3549458980560303, "passed": true}}}, "check_style_score": "0/1"}