{"version": "1", "message": "ERROR: Hidden Testcases server unreachable.", "problem_id": "ads2_m2_a1_1", "user_id": "krishnaja625", "score": {"sample": {"0": {"execution_time": 0.31448864936828613, "passed": true}, "1": {"execution_time": 0.3609189987182617, "passed": true}, "2": {"execution_time": 0.26187705993652344, "passed": true}, "3": {"execution_time": 0.24357056617736816, "passed": true}, "4": {"execution_time": 0.2693183422088623, "passed": true}, "5": {"execution_time": 0.27022552490234375, "passed": true}, "6": {"execution_time": 0.33632516860961914, "passed": true}, "7": {"execution_time": 0.32788848876953125, "passed": true}, "8": {"execution_time": 0.30368685722351074, "passed": true}, "9": {"execution_time": 0.4734771251678467, "passed": true}, "10": {"execution_time": 0.3190915584564209, "passed": true}, "11": {"execution_time": 0.3033325672149658, "passed": true}, "12": {"execution_time": 0.32999587059020996, "passed": true}, "13": {"execution_time": 0.2658679485321045, "passed": true}, "14": {"execution_time": 0.28246450424194336, "passed": true}, "15": {"execution_time": 0.34081506729125977, "passed": true}, "16": {"execution_time": 0.28302812576293945, "passed": true}, "17": {"execution_time": 0.33191943168640137, "passed": true}, "18": {"execution_time": 0.3922886848449707, "passed": true}, "19": {"execution_time": 0.30085015296936035, "passed": true}, "20": {"execution_time": 0.3410003185272217, "passed": true}, "21": {"execution_time": 0.26559972763061523, "passed": true}, "22": {"execution_time": 0.4138972759246826, "passed": true}, "23": {"execution_time": 0.44544029235839844, "passed": true}}}, "check_style_score": "1/1"}