{"version": "1", "message": "ERROR: Hidden Testcases server unreachable.", "problem_id": "ads2_m2_a1_1", "user_id": "krishnaja625", "score": {"sample": {"0": {"execution_time": 0.3133401870727539, "passed": false}, "1": {"execution_time": 0.2338714599609375, "passed": false}, "2": {"execution_time": 0.2669386863708496, "passed": true}, "3": {"execution_time": 0.23673629760742188, "passed": false}, "4": {"execution_time": 0.26950931549072266, "passed": true}, "5": {"execution_time": 0.2438044548034668, "passed": false}, "6": {"execution_time": 0.23374581336975098, "passed": true}, "7": {"execution_time": 0.24264001846313477, "passed": true}, "8": {"execution_time": 0.2443070411682129, "passed": true}, "9": {"execution_time": 0.25246214866638184, "passed": true}, "10": {"execution_time": 0.2626919746398926, "passed": true}, "11": {"execution_time": 0.24623656272888184, "passed": true}, "12": {"execution_time": 0.2509429454803467, "passed": true}, "13": {"execution_time": 0.34827470779418945, "passed": false}, "14": {"execution_time": 0.24335241317749023, "passed": true}, "15": {"execution_time": 0.2856922149658203, "passed": false}, "16": {"execution_time": 0.27258801460266113, "passed": true}, "17": {"execution_time": 0.3623828887939453, "passed": true}, "18": {"execution_time": 0.28442835807800293, "passed": true}, "19": {"execution_time": 0.334578275680542, "passed": true}, "20": {"execution_time": 0.29965925216674805, "passed": true}, "21": {"execution_time": 0.2635805606842041, "passed": true}, "22": {"execution_time": 0.3343849182128906, "passed": true}, "23": {"execution_time": 0.3636772632598877, "passed": true}}}, "check_style_score": "0/1"}