{"version": "1", "message": "ERROR: Hidden Testcases server unreachable.", "problem_id": "ads2_m2_a1_1", "user_id": "krishnaja625", "score": {"sample": {"0": {"execution_time": 0.29883646965026855, "passed": true}, "1": {"execution_time": 0.2325608730316162, "passed": true}, "2": {"execution_time": 0.25674986839294434, "passed": true}, "3": {"execution_time": 0.22208523750305176, "passed": true}, "4": {"execution_time": 0.27220869064331055, "passed": true}, "5": {"execution_time": 0.23379755020141602, "passed": true}, "6": {"execution_time": 0.2595241069793701, "passed": true}, "7": {"execution_time": 0.24000096321105957, "passed": true}, "8": {"execution_time": 0.2682032585144043, "passed": true}, "9": {"execution_time": 0.22364544868469238, "passed": true}, "10": {"execution_time": 0.32665061950683594, "passed": true}, "11": {"execution_time": 0.23288202285766602, "passed": true}, "12": {"execution_time": 0.25397205352783203, "passed": true}, "13": {"execution_time": 0.24123191833496094, "passed": true}, "14": {"execution_time": 0.2745788097381592, "passed": true}, "15": {"execution_time": 0.2579772472381592, "passed": true}, "16": {"execution_time": 0.30748438835144043, "passed": true}, "17": {"execution_time": 0.30120348930358887, "passed": true}, "18": {"execution_time": 0.2862100601196289, "passed": true}, "19": {"execution_time": 0.3322427272796631, "passed": true}, "20": {"execution_time": 0.3133678436279297, "passed": true}, "21": {"execution_time": 0.26030564308166504, "passed": true}, "22": {"execution_time": 0.3706703186035156, "passed": true}, "23": {"execution_time": 0.34773898124694824, "passed": true}}}, "check_style_score": "0/1"}