{"version": "1", "message": "ERROR: Hidden Testcases server unreachable.", "problem_id": "ads2_m2_a1_1", "user_id": "krishnaja625", "score": {"sample": {"0": {"execution_time": 0.3586547374725342, "passed": true}, "1": {"execution_time": 0.3293724060058594, "passed": true}, "2": {"execution_time": 0.3675229549407959, "passed": true}, "3": {"execution_time": 0.28542470932006836, "passed": true}, "4": {"execution_time": 0.28446078300476074, "passed": true}, "5": {"execution_time": 0.26863551139831543, "passed": true}, "6": {"execution_time": 0.29314136505126953, "passed": true}, "7": {"execution_time": 0.4038276672363281, "passed": true}, "8": {"execution_time": 0.3343052864074707, "passed": true}, "9": {"execution_time": 0.3960449695587158, "passed": true}, "10": {"execution_time": 0.3526167869567871, "passed": true}, "11": {"execution_time": 0.3358628749847412, "passed": true}, "12": {"execution_time": 0.28975915908813477, "passed": true}, "13": {"execution_time": 0.2980356216430664, "passed": true}, "14": {"execution_time": 0.3173689842224121, "passed": true}, "15": {"execution_time": 0.2806854248046875, "passed": true}, "16": {"execution_time": 0.29598331451416016, "passed": true}, "17": {"execution_time": 0.32154226303100586, "passed": true}, "18": {"execution_time": 0.3083927631378174, "passed": true}, "19": {"execution_time": 0.3378443717956543, "passed": true}, "20": {"execution_time": 0.32344794273376465, "passed": true}, "21": {"execution_time": 0.2975037097930908, "passed": true}, "22": {"execution_time": 0.38936948776245117, "passed": true}, "23": {"execution_time": 0.3443746566772461, "passed": true}}}, "check_style_score": "1/1"}