{"version": "1", "message": "ERROR: Hidden Testcases server unreachable.", "problem_id": "ads2_m16_a1_1", "user_id": "krishnaja625", "score": {"sample": {"0": {"execution_time": 0.5205821990966797, "passed": true}, "1": {"execution_time": 0.4571034908294678, "passed": true}, "2": {"execution_time": 0.9428436756134033, "passed": true}, "3": {"execution_time": 0.9220762252807617, "passed": true}, "4": {"execution_time": 0.891587495803833, "passed": true}, "5": {"execution_time": 0.9232966899871826, "passed": true}, "6": {"execution_time": 0.961383581161499, "passed": true}, "7": {"execution_time": 0.9650533199310303, "passed": true}, "8": {"execution_time": 0.6196773052215576, "passed": true}, "9": {"execution_time": 0.9753105640411377, "passed": true}, "10": {"execution_time": 0.8958597183227539, "passed": true}, "11": {"execution_time": 5.659045696258545, "passed": true}, "12": {"execution_time": 0.9076170921325684, "passed": true}, "13": {"execution_time": 0.34088635444641113, "passed": true}, "14": {"execution_time": 0.9121837615966797, "passed": true}, "15": {"execution_time": 0.9725377559661865, "passed": true}, "16": {"execution_time": 0.43796229362487793, "passed": true}, "17": {"execution_time": 0.45761823654174805, "passed": true}, "18": {"execution_time": 0.45879077911376953, "passed": true}, "19": {"execution_time": 0.4730398654937744, "passed": true}, "20": {"execution_time": 0.5337498188018799, "passed": true}, "21": {"execution_time": 0.43930935859680176, "passed": true}, "22": {"execution_time": 0.4324758052825928, "passed": true}, "23": {"execution_time": 0.47531867027282715, "passed": true}, "24": {"execution_time": 0.4229578971862793, "passed": true}, "25": {"execution_time": 1.1180169582366943, "passed": true}, "26": {"execution_time": 0.9291632175445557, "passed": true}, "27": {"execution_time": 1.119288682937622, "passed": true}, "28": {"execution_time": 1.802042007446289, "passed": true}, "29": {"execution_time": 0.5078887939453125, "passed": true}}}, "check_style_score": "1/1"}